,count,mean,std,min,25%,median,75%,max
PM2.5,16553.0,77.79496147840156,40.07018527273381,5.02,44.98,78.12,110.31,149.98
PM10,16553.0,104.40381983400994,52.5491954304375,10.0,61.47,103.66652002861231,147.67,200.0
NO2,16553.0,52.08239858615803,25.972378325622344,5.01,30.41,52.1641518807665,72.98,100.0
SO2,16553.0,25.290254101490014,13.428150585248666,1.0,14.32,25.25045283018868,36.27,49.99
CO,16553.0,5.043313025369538,2.7282920736699174,0.1,2.76,5.030321658327376,7.25,10.0
O3,16553.0,105.3652497540675,52.4866959703508,10.04,61.99,105.92558927311221,148.37,200.0
Temperature,16553.0,14.931460762399565,14.46735642158966,-10.0,2.27,14.88,27.39,40.0
Humidity,16553.0,54.74448982057633,25.97453015394142,10.01,32.24,54.58,77.09,99.99
Wind Speed,16553.0,10.277289917235546,5.615799433391533,0.5,5.38,10.37,15.09,20.0
